{"CurrenciesExchanges": [{"name": "USD", "ValueToEuro": 0.88776, "ValueToKoruna": 23.681104, "ValueToZloty": 3.96128, "ValueToDollar": 1}, {"name": "CZK", "ValueToEuro": 0.03748811710805374, "ValueToKoruna": 1, "ValueToZloty": 0.16727598510609978, "ValueToDollar": 0.04222776100303432}, {"name": "PLN", "ValueToEuro": 0.22410937878665482, "ValueToKoruna": 5.978144438161403, "ValueToZloty": 1, "ValueToDollar": 0.2524436545762986}, {"name": "EUR", "ValueToEuro": 1, "ValueToKoruna": 26.675119401640085, "ValueToZloty": 4.46210687573218, "ValueToDollar": 1.1264305668198613}]}